ID,種類,地域,市区町村コード,都道府県名,市区町村名,地区名,最寄駅：名称,最寄駅：距離（分）,間取り,面積（㎡）,土地の形状,間口,延床面積（㎡）,建築年,建物の構造,用途,今後の利用目的,前面道路：方位,前面道路：種類,前面道路：幅員（ｍ）,都市計画,建ぺい率（％）,容積率（％）,取引時点,改装,取引の事情等,取引価格（総額）_log
32000458,中古マンション等,,32201,島根県,松江市,学園,松江,30分?60分,２ＬＤＫ,65,,,,平成8年,ＲＣ,住宅,住宅,,,,第２種住居地域,60.0,200.0,2021年第2四半期,改装済,,7.113943352306837
32025597,中古マンション等,,32201,島根県,松江市,北田町,松江,23,３ＬＤＫ,70,,,,平成8年,ＲＣ,住宅,,,,,第１種住居地域,60.0,200.0,2013年第2四半期,改装済,,7.146128035678238
32000722,中古マンション等,,32201,島根県,松江市,黒田町,松江,30分?60分,４ＬＤＫ,95,,,,,ＲＣ,,住宅,,,,第２種住居地域,60.0,200.0,2020年第2四半期,改装済,,7.447158031342219
32028583,中古マンション等,,32201,島根県,松江市,春日町,松江,30分?60分,３ＬＤＫ,70,,,,平成21年,ＲＣ,住宅,,,,,第２種中高層住居専用地域,60.0,200.0,2009年第3四半期,未改装,,7.301029995663981
32014227,中古マンション等,,32203,島根県,出雲市,中野美保北,出雲市,27,４ＬＤＫ,80,,,,平成17年,ＲＣ,住宅,住宅,,,,第２種住居地域,60.0,200.0,2014年第4四半期,未改装,,7.2552725051033065
32014866,中古マンション等,,32203,島根県,出雲市,今市町北本町,出雲市,,２ＬＤＫ,65,,,,平成21年,ＲＣ,住宅,,,,,,,,2010年第1四半期,未改装,,7.278753600952829
32002000,中古マンション等,,32201,島根県,松江市,東朝日町,松江,6,４ＬＤＫ,85,,,,平成14年,,住宅,住宅,,,,商業地域,80.0,400.0,2021年第2四半期,未改装,,7.431363764158987
32001666,中古マンション等,,32201,島根県,松江市,西川津町,松江,30分?60分,３ＬＤＫ,70,,,,平成13年,ＲＣ,住宅,住宅,,,,第１種中高層住居専用地域,60.0,200.0,2016年第3四半期,改装済,,7.230448921378274
32021800,中古マンション等,,32201,島根県,松江市,袖師町,松江,19,４ＬＤＫ,85,,,,平成12年,ＳＲＣ,住宅,,,,,商業地域,80.0,400.0,2012年第2四半期,未改装,,7.342422680822207
32031251,中古マンション等,,32201,島根県,松江市,大輪町,,,４ＬＤＫ,80,,,,平成9年,ＲＣ,住宅,,,,,,,,2008年第4四半期,改装済,,7.176091259055681
32001183,中古マンション等,,32201,島根県,松江市,大正町,松江,4,４ＬＤＫ,100,,,,平成17年,ＳＲＣ,住宅,住宅,,,,商業地域,80.0,400.0,2017年第3四半期,未改装,,7.477121254719663
32019407,中古マンション等,,32201,島根県,松江市,大輪町,松江,28,３ＬＤＫ,65,,,,平成9年,ＲＣ,住宅,住宅,,,,第１種住居地域,60.0,200.0,2015年第1四半期,改装済,,7.079181246047625
32004099,中古マンション等,,32203,島根県,出雲市,駅南町,出雲市,4,３ＬＤＫ,65,,,,平成14年,ＲＣ,住宅,住宅,,,,商業地域,80.0,400.0,2020年第2四半期,,,7.146128035678238
32001673,中古マンション等,,32201,島根県,松江市,西川津町,松江,30分?60分,３ＬＤＫ,70,,,,平成13年,ＲＣ,住宅,住宅,,,,第１種中高層住居専用地域,60.0,200.0,2016年第1四半期,未改装,,7.113943352306837
32004546,中古マンション等,,32203,島根県,出雲市,小山町,出雲市,30分?60分,３ＬＤＫ,70,,,,平成14年,ＳＲＣ,住宅,住宅,,,,第１種住居地域,60.0,200.0,2020年第3四半期,改装済,,7.204119982655925
32004148,中古マンション等,,32203,島根県,出雲市,塩冶善行町,出雲市,7,３ＬＤＫ,65,,,,,ＲＣ,,住宅,,,,第２種住居地域,60.0,200.0,2020年第3四半期,未改装,,7.3222192947339195
32030893,中古マンション等,,32201,島根県,松江市,学園,松江,29,３ＬＤＫ,70,,,,平成7年,ＲＣ,住宅,,,,,第２種中高層住居専用地域,60.0,200.0,2008年第2四半期,改装済,,7.146128035678238
32019002,中古マンション等,,32201,島根県,松江市,学園,松江,30分?60分,３ＬＤＫ,70,,,,平成16年,ＳＲＣ,住宅,住宅,,,,第２種中高層住居専用地域,60.0,200.0,2015年第4四半期,未改装,,7.278753600952829
32019757,中古マンション等,,32201,島根県,松江市,東朝日町,松江,10,４ＬＤＫ,90,,,,平成15年,ＲＣ,住宅,住宅,,,,準工業地域,60.0,200.0,2015年第2四半期,未改装,,7.380211241711606
32026095,中古マンション等,,32201,島根県,松江市,浜乃木,乃木,3,３ＬＤＫ,75,,,,平成2年,ＲＣ,住宅,,,,,第２種住居地域,60.0,200.0,2013年第2四半期,未改装,,7.230448921378274
32000641,中古マンション等,,32201,島根県,松江市,北田町,松江,20,３ＬＤＫ,70,,,,平成8年,ＲＣ,住宅,住宅,,,,第１種住居地域,60.0,200.0,2020年第2四半期,未改装,,7.146128035678238
32001744,中古マンション等,,32201,島根県,松江市,西津田,松江,18,２ＬＤＫ,55,,,,平成4年,ＲＣ,住宅,住宅,,,,第１種住居地域,60.0,200.0,2016年第4四半期,未改装,,5.8750612633917
32012899,中古マンション等,,32201,島根県,松江市,大輪町,松江,29,４ＬＤＫ,95,,,,平成9年,ＲＣ,住宅,,,,,第１種住居地域,60.0,200.0,2014年第1四半期,未改装,,7.278753600952829
32000573,中古マンション等,,32201,島根県,松江市,春日町,松江,30分?60分,３ＬＤＫ,70,,,,平成21年,ＲＣ,住宅,住宅,,,,第２種中高層住居専用地域,60.0,200.0,2021年第1四半期,未改装,,7.230448921378274
32000470,中古マンション等,,32201,島根県,松江市,学園,松江,30分?60分,３ＬＤＫ,65,,,,平成8年,ＲＣ,住宅,,,,,第２種住居地域,60.0,200.0,2019年第4四半期,未改装,関係者間取引,6.903089986991944
32001645,中古マンション等,,32201,島根県,松江市,西川津町,松江,28,３ＬＤＫ,60,,,,平成2年,ＲＣ,,住宅,,,,第１種住居地域,60.0,200.0,2017年第4四半期,未改装,,6.724275869600789
32001192,中古マンション等,,32201,島根県,松江市,大輪町,松江,28,３ＬＤＫ,65,,,,平成9年,ＲＣ,住宅,住宅,,,,第１種住居地域,60.0,200.0,2016年第4四半期,改装済,,7.2552725051033065
32013512,中古マンション等,,32201,島根県,松江市,春日町,松江,30分?60分,３ＬＤＫ,70,,,,平成21年,ＲＣ,住宅,,,,,第２種中高層住居専用地域,60.0,200.0,2010年第2四半期,未改装,,7.2552725051033065
32001164,中古マンション等,,32201,島根県,松江市,袖師町,松江,23,３ＬＤＫ,60,,,,平成12年,ＳＲＣ,住宅,住宅,,,,商業地域,80.0,400.0,2016年第4四半期,未改装,,7.113943352306837
32001159,中古マンション等,,32201,島根県,松江市,袖師町,松江,21,４ＬＤＫ,70,,,,平成12年,ＳＲＣ,住宅,住宅,,,,商業地域,80.0,400.0,2020年第3四半期,未改装,,7.079181246047625
32000844,中古マンション等,,32201,島根県,松江市,古志原,松江,30分?60分,３ＬＤＫ,65,,,,平成16年,ＲＣ,住宅,住宅,,,,第１種住居地域,60.0,200.0,2017年第1四半期,未改装,,7.146128035678238
32001977,中古マンション等,,32201,島根県,松江市,浜乃木,乃木,4,４ＬＤＫ,80,,,,平成15年,ＲＣ,住宅,住宅,,,,準工業地域,60.0,200.0,2016年第1四半期,改装済,,7.342422680822207
32001149,中古マンション等,,32201,島根県,松江市,砂子町,松江,30分?60分,３ＬＤＫ,70,,,,,,,住宅,,,,第２種中高層住居専用地域,60.0,200.0,2020年第3四半期,,,7.414973347970818
32001735,中古マンション等,,32201,島根県,松江市,西津田,松江,29,４ＬＤＫ,85,,,,平成25年,ＲＣ,住宅,住宅,,,,第２種中高層住居専用地域,60.0,200.0,2017年第2四半期,未改装,,7.301029995663981
32016189,中古マンション等,,32201,島根県,松江市,東津田町,松江,30分?60分,２ＬＤＫ＋Ｓ,65,,,,平成12年,ＳＲＣ,住宅,,,,,第１種住居地域,60.0,200.0,2011年第2四半期,未改装,,7.146128035678238
32015148,中古マンション等,,32201,島根県,松江市,学園南,,,３ＬＤＫ,75,,,,平成12年,ＳＲＣ,住宅,,,,,,,,2011年第1四半期,未改装,,7.342422680822207
32001322,中古マンション等,,32201,島根県,松江市,玉湯町湯町,玉造温泉,13,２ＬＤＫ,65,,,,平成28年,ＲＣ,住宅,住宅,,,,商業地域,80.0,400.0,2020年第1四半期,未改装,,7.041392685158225
32000478,中古マンション等,,32201,島根県,松江市,学園,松江,23,３ＬＤＫ,70,,,,平成14年,ＳＲＣ,,住宅,,,,第２種住居地域,60.0,200.0,2018年第2四半期,未改装,,7.230448921378274
32026101,中古マンション等,,32201,島根県,松江市,浜乃木,乃木,6,３ＬＤＫ,65,,,,平成11年,ＳＲＣ,住宅,,,,,第１種住居地域,60.0,200.0,2013年第1四半期,改装済,,7.204119982655925
32013702,中古マンション等,,32201,島根県,松江市,袖師町,松江,21,３ＬＤＫ,70,,,,平成12年,ＳＲＣ,住宅,,,,,商業地域,80.0,400.0,2010年第3四半期,,調停・競売等,7.0
32015289,中古マンション等,,32201,島根県,松江市,黒田町,松江,15,３ＬＤＫ,70,,,,平成13年,ＲＣ,住宅,,,,,近隣商業地域,80.0,200.0,2011年第1四半期,改装済,,7.146128035678238
32031530,中古マンション等,,32201,島根県,松江市,浜乃木,乃木,8,３ＬＤＫ,80,,,,平成15年,ＲＣ,住宅,,,,,準工業地域,60.0,200.0,2008年第2四半期,未改装,,7.361727836017593
32028625,中古マンション等,,32201,島根県,松江市,黒田町,松江,30分?60分,３ＬＤＫ,70,,,,平成13年,ＲＣ,住宅,,,,,近隣商業地域,80.0,200.0,2009年第1四半期,未改装,,7.176091259055681
32001739,中古マンション等,,32201,島根県,松江市,西津田,松江,16,４ＬＤＫ,75,,,,平成4年,ＲＣ,住宅,住宅,,,,第１種住居地域,60.0,200.0,2017年第1四半期,未改装,調停・競売等,7.079181246047625
32001736,中古マンション等,,32201,島根県,松江市,西津田,松江,13,４ＬＤＫ,75,,,,平成4年,ＲＣ,住宅,住宅,,,,第１種住居地域,60.0,200.0,2017年第2四半期,改装済,,7.204119982655925
32015728,中古マンション等,,32201,島根県,松江市,西川津町,松江,30分?60分,３ＬＤＫ,65,,,,平成13年,ＲＣ,住宅,,,,,第１種中高層住居専用地域,60.0,200.0,2011年第3四半期,改装済,,7.176091259055681
32013507,中古マンション等,,32201,島根県,松江市,春日町,松江,30分?60分,４ＬＤＫ,90,,,,平成21年,ＲＣ,住宅,,,,,第２種中高層住居専用地域,60.0,200.0,2010年第2四半期,未改装,,7.380211241711606
32001971,中古マンション等,,32201,島根県,松江市,浜乃木,乃木,4,４ＬＤＫ,85,,,,平成15年,ＲＣ,住宅,住宅,,,,準工業地域,60.0,200.0,2017年第2四半期,未改装,,7.3222192947339195
32031642,中古マンション等,,32201,島根県,松江市,東津田町,松江,30分?60分,４ＬＤＫ,85,,,,平成12年,ＳＲＣ,住宅,,,,,第１種住居地域,60.0,200.0,2008年第2四半期,未改装,,7.230448921378274
32031452,中古マンション等,,32201,島根県,松江市,西川津町,,,３ＬＤＫ,65,,,,平成12年,ＲＣ,住宅,,,,,,,,2008年第4四半期,,調停・競売等,6.785329835010767
32000460,中古マンション等,,32201,島根県,松江市,学園,松江,30分?60分,３ＬＤＫ,65,,,,平成8年,ＲＣ,住宅,住宅,,,,第２種住居地域,60.0,200.0,2021年第1四半期,,,7.204119982655925
32001166,中古マンション等,,32201,島根県,松江市,袖師町,松江,21,３ＬＤＫ,60,,,,平成12年,ＳＲＣ,住宅,住宅,,,,商業地域,80.0,400.0,2016年第1四半期,未改装,,7.204119982655925
32015730,中古マンション等,,32201,島根県,松江市,西川津町,松江,30分?60分,４ＬＤＫ,90,,,,平成13年,ＲＣ,住宅,,,,,第１種中高層住居専用地域,60.0,200.0,2011年第3四半期,改装済,,7.301029995663981
32012969,中古マンション等,,32201,島根県,松江市,西川津町,松江,28,３ＬＤＫ,60,,,,平成2年,ＲＣ,住宅,住宅,,,,第１種住居地域,60.0,200.0,2014年第2四半期,改装済,,6.954242509439325
32022058,中古マンション等,,32201,島根県,松江市,浜乃木,乃木,6,３ＬＤＫ,75,,,,平成15年,ＲＣ,住宅,,,,,第２種住居地域,60.0,200.0,2012年第2四半期,未改装,,7.0
32001190,中古マンション等,,32201,島根県,松江市,大輪町,松江,26,３ＬＤＫ,70,,,,平成19年,ＲＣ,住宅,住宅,,,,第１種住居地域,60.0,200.0,2017年第4四半期,未改装,,7.278753600952829
32001158,中古マンション等,,32201,島根県,松江市,袖師町,松江,21,４ＬＤＫ,85,,,,平成12年,ＳＲＣ,住宅,住宅,,,,商業地域,80.0,400.0,2020年第3四半期,改装済,,7.2552725051033065
32021948,中古マンション等,,32201,島根県,松江市,西川津町,松江,24,３ＬＤＫ,60,,,,平成2年,ＲＣ,住宅,,,,,第１種住居地域,60.0,200.0,2012年第3四半期,未改装,,6.681241237375588
32031432,中古マンション等,,32201,島根県,松江市,西川津町,松江,30分?60分,３ＬＤＫ,65,,,,平成13年,ＲＣ,住宅,,,,,第１種中高層住居専用地域,60.0,200.0,2008年第2四半期,未改装,,7.146128035678238
32001153,中古マンション等,,32201,島根県,松江市,砂子町,松江しんじ湖温泉,9,３ＬＤＫ,75,,,,平成12年,ＲＣ,,住宅,,,,近隣商業地域,80.0,200.0,2021年第1四半期,未改装,,7.230448921378274
32021414,中古マンション等,,32201,島根県,松江市,春日町,松江しんじ湖温泉,30分?60分,３ＬＤＫ,70,,,,平成18年,ＲＣ,住宅,,,,,第２種中高層住居専用地域,60.0,200.0,2012年第1四半期,改装済,,7.2552725051033065
32012758,中古マンション等,,32201,島根県,松江市,春日町,松江,30分?60分,４ＬＤＫ,90,,,,平成21年,ＲＣ,住宅,住宅,,,,第２種中高層住居専用地域,60.0,200.0,2014年第3四半期,未改装,,7.477121254719663
32001938,中古マンション等,,32201,島根県,松江市,浜乃木,乃木,5,４ＬＤＫ,95,,,,平成8年,ＲＣ,住宅,住宅,,,,第１種住居地域,60.0,200.0,2021年第1四半期,未改装,,7.301029995663981
32012987,中古マンション等,,32201,島根県,松江市,西津田,松江,13,３ＬＤＫ,65,,,,平成6年,ＲＣ,住宅,住宅,,,,第１種住居地域,60.0,200.0,2014年第3四半期,未改装,,7.041392685158225
32002022,中古マンション等,,32201,島根県,松江市,東朝日町,松江,6,４ＬＤＫ,80,,,,平成14年,ＳＲＣ,住宅,住宅,,,,商業地域,80.0,400.0,2016年第4四半期,改装済,,7.3222192947339195
32019003,中古マンション等,,32201,島根県,松江市,学園,松江,30分?60分,３ＬＤＫ,75,,,,平成16年,ＳＲＣ,住宅,住宅,,,,第２種住居地域,60.0,200.0,2015年第3四半期,未改装,,7.2552725051033065
32001163,中古マンション等,,32201,島根県,松江市,袖師町,松江,23,３ＬＤＫ,60,,,,平成12年,ＳＲＣ,住宅,住宅,,,,商業地域,80.0,400.0,2017年第1四半期,未改装,,7.146128035678238
32025439,中古マンション等,,32201,島根県,松江市,学園,松江,30分?60分,３ＬＤＫ,65,,,,平成7年,ＲＣ,住宅,,,,,第２種住居地域,60.0,200.0,2013年第2四半期,未改装,,7.113943352306837
32020759,中古マンション等,,32203,島根県,出雲市,今市町北本町,出雲市,11,２ＬＤＫ,65,,,,平成21年,ＲＣ,住宅,住宅,,,,商業地域,,,2015年第2四半期,未改装,,7.204119982655925
32028815,中古マンション等,,32201,島根県,松江市,浜乃木,乃木,4,３ＬＤＫ,65,,,,平成8年,ＲＣ,住宅,,,,,第１種住居地域,60.0,200.0,2009年第4四半期,未改装,,7.079181246047625
32000479,中古マンション等,,32201,島根県,松江市,学園,松江,29,３ＬＤＫ,65,,,,平成8年,ＲＣ,住宅,住宅,,,,第２種住居地域,60.0,200.0,2018年第1四半期,未改装,,7.146128035678238
32004288,中古マンション等,,32203,島根県,出雲市,大津朝倉,出雲市,25,２ＬＤＫ,90,,,,平成27年,ＲＣ,住宅,住宅,,,,第１種住居地域,60.0,200.0,2017年第4四半期,未改装,,7.556302500767287
32028838,中古マンション等,,32201,島根県,松江市,東朝日町,松江,9,３ＬＤＫ,75,,,,平成15年,ＲＣ,住宅,,,,,準工業地域,60.0,200.0,2009年第4四半期,改装済,,7.204119982655925
32000756,中古マンション等,,32201,島根県,松江市,黒田町,松江しんじ湖温泉,15,２ＬＤＫ,65,,,,平成18年,,住宅,住宅,,,,第２種中高層住居専用地域,60.0,200.0,2019年第3四半期,未改装,,7.230448921378274
32026120,中古マンション等,,32201,島根県,松江市,東朝日町,松江,10,３ＬＤＫ,75,,,,平成15年,ＲＣ,住宅,,,,,準工業地域,60.0,200.0,2013年第3四半期,未改装,,7.301029995663981
32028547,中古マンション等,,32201,島根県,松江市,学園,松江,29,３ＬＤＫ,70,,,,平成7年,ＲＣ,住宅,,,,,第２種中高層住居専用地域,60.0,200.0,2009年第3四半期,未改装,調停・競売等,6.8750612633917
32013508,中古マンション等,,32201,島根県,松江市,春日町,松江,30分?60分,３ＬＤＫ,70,,,,平成21年,ＲＣ,住宅,,,,,第２種中高層住居専用地域,60.0,200.0,2010年第2四半期,未改装,,7.278753600952829
32019165,中古マンション等,,32201,島根県,松江市,黒田町,松江しんじ湖温泉,15,２ＬＤＫ,65,,,,平成18年,ＳＲＣ,住宅,住宅,,,,第２種中高層住居専用地域,60.0,200.0,2015年第3四半期,未改装,,7.2552725051033065
32015729,中古マンション等,,32201,島根県,松江市,西川津町,松江,23,３ＬＤＫ,60,,,,平成2年,ＲＣ,住宅,,,,,第１種住居地域,60.0,200.0,2011年第3四半期,改装済,,6.880813592280791
32026755,中古マンション等,,32203,島根県,出雲市,今市町北本町,出雲市,11,３ＬＤＫ,80,,,,平成21年,ＲＣ,住宅,,,,,商業地域,80.0,400.0,2013年第3四半期,未改装,,7.146128035678238
32000483,中古マンション等,,32201,島根県,松江市,学園,松江,30分?60分,３ＬＤＫ,70,,,,平成8年,ＲＣ,住宅,住宅,,,,第２種住居地域,60.0,200.0,2016年第3四半期,未改装,調停・競売等,7.113943352306837
32025434,中古マンション等,,32201,島根県,松江市,学園,松江,29,３ＬＤＫ,60,,,,平成7年,ＲＣ,住宅,,,,,第２種中高層住居専用地域,60.0,200.0,2013年第4四半期,改装済,,7.113943352306837
32020728,中古マンション等,,32203,島根県,出雲市,今市町,出雲市,4,３ＬＤＫ,70,,,,平成19年,ＲＣ,住宅,住宅,,,,商業地域,80.0,400.0,2015年第4四半期,改装済,,7.204119982655925
32012734,中古マンション等,,32201,島根県,松江市,学園,松江,29,３ＬＤＫ,60,,,,平成7年,ＲＣ,住宅,住宅,,,,第２種中高層住居専用地域,60.0,200.0,2014年第4四半期,未改装,,7.113943352306837
32019408,中古マンション等,,32201,島根県,松江市,大輪町,松江,26,３ＬＤＫ,75,,,,平成19年,ＲＣ,住宅,住宅,,,,第１種住居地域,60.0,200.0,2015年第1四半期,未改装,,7.3979400086720375
32001177,中古マンション等,,32201,島根県,松江市,外中原町,松江しんじ湖温泉,6,４ＬＤＫ,85,,,,平成14年,ＲＣ,住宅,住宅,,,,第１種住居地域,60.0,200.0,2021年第2四半期,未改装,,7.301029995663981
32004064,中古マンション等,,32203,島根県,出雲市,今市町北本町,出雲市,12,２ＬＤＫ,70,,,,平成21年,ＲＣ,住宅,住宅,,,,商業地域,80.0,400.0,2020年第1四半期,未改装,,7.301029995663981
32000467,中古マンション等,,32201,島根県,松江市,学園,松江,30分?60分,４ＬＤＫ,75,,,,平成7年,ＲＣ,住宅,住宅,,,,第１種中高層住居専用地域,60.0,200.0,2020年第2四半期,改装済,,7.230448921378274
32019093,中古マンション等,,32201,島根県,松江市,春日町,松江,30分?60分,２ＬＤＫ,65,,,,平成18年,ＲＣ,住宅,,,,,第２種中高層住居専用地域,60.0,200.0,2015年第1四半期,未改装,,7.041392685158225
32029497,中古マンション等,,32203,島根県,出雲市,中野美保北,出雲市,,３ＬＤＫ,70,,,,平成17年,ＲＣ,住宅,,,,,第２種住居地域,60.0,200.0,2009年第2四半期,改装済,,7.176091259055681
32026126,中古マンション等,,32201,島根県,松江市,東朝日町,松江,6,３ＬＤＫ,70,,,,平成14年,ＳＲＣ,住宅,,,,,商業地域,80.0,400.0,2013年第1四半期,未改装,,7.230448921378274
32021823,中古マンション等,,32201,島根県,松江市,大輪町,松江,28,３ＬＤＫ,65,,,,平成9年,ＲＣ,住宅,,,,,第１種住居地域,60.0,200.0,2012年第1四半期,未改装,,7.146128035678238
32000474,中古マンション等,,32201,島根県,松江市,学園,松江,30分?60分,４ＬＤＫ,70,,,,平成7年,ＲＣ,,住宅,,,,第２種中高層住居専用地域,60.0,200.0,2019年第1四半期,未改装,,7.230448921378274
32013501,中古マンション等,,32201,島根県,松江市,春日町,松江,30分?60分,３ＬＤＫ,70,,,,平成21年,ＲＣ,住宅,,,,,第２種中高層住居専用地域,60.0,200.0,2010年第3四半期,未改装,,7.2552725051033065
32002279,中古マンション等,,32201,島根県,松江市,東茶町,松江,20,３ＬＤＫ,70,,,,平成9年,ＲＣ,住宅,住宅,,,,商業地域,80.0,500.0,2018年第4四半期,未改装,,7.204119982655925
32026001,中古マンション等,,32201,島根県,松江市,西津田,松江,20,３ＬＤＫ,65,,,,平成15年,ＳＲＣ,住宅,,,,,準工業地域,60.0,200.0,2013年第3四半期,未改装,,7.230448921378274
32018996,中古マンション等,,32201,島根県,松江市,奥谷町,松江,30分?60分,３ＬＤＫ,60,,,,平成3年,ＲＣ,住宅,住宅,,,,第１種中高層住居専用地域,60.0,200.0,2015年第2四半期,改装済,,7.041392685158225
32031475,中古マンション等,,32201,島根県,松江市,西津田,松江,13,３ＬＤＫ,60,,,,平成6年,ＲＣ,住宅,,,,,第１種住居地域,,,2008年第2四半期,未改装,,6.929418925714293
32012742,中古マンション等,,32201,島根県,松江市,学園南,松江,19,３ＬＤＫ,70,,,,平成20年,ＲＣ,住宅,住宅,,,,第２種住居地域,60.0,200.0,2014年第4四半期,改装済,,7.3222192947339195
32028823,中古マンション等,,32201,島根県,松江市,浜乃木,乃木,5,３ＬＤＫ,65,,,,平成8年,ＲＣ,住宅,,,,,第１種住居地域,60.0,200.0,2009年第2四半期,改装済,,6.977723605288848
32025660,中古マンション等,,32201,島根県,松江市,黒田町,松江しんじ湖温泉,10,３ＬＤＫ,80,,,,平成18年,ＳＲＣ,住宅,,,,,第１種中高層住居専用地域,60.0,200.0,2013年第1四半期,未改装,,7.3979400086720375
32028792,中古マンション等,,32201,島根県,松江市,西津田,,,３ＬＤＫ,60,,,,平成6年,ＲＣ,住宅,,,,,,,,2009年第1四半期,未改装,,6.954242509439325
32013466,中古マンション等,,32201,島根県,松江市,学園,松江,30分?60分,３ＬＤＫ,75,,,,平成16年,ＳＲＣ,住宅,,,,,第２種住居地域,60.0,200.0,2010年第1四半期,未改装,,7.204119982655925
32028525,中古マンション等,,32201,島根県,松江市,内中原町,松江,28,３ＬＤＫ,70,,,,平成13年,ＲＣ,住宅,,,,,商業地域,80.0,400.0,2009年第1四半期,改装済,,7.041392685158225
32012738,中古マンション等,,32201,島根県,松江市,学園,松江,23,３ＬＤＫ,80,,,,平成14年,ＳＲＣ,住宅,,,,,第２種住居地域,60.0,200.0,2014年第2四半期,未改装,,7.176091259055681
32001579,中古マンション等,,32201,島根県,松江市,西川津町,松江,30分?60分,４ＬＤＫ,70,,,,平成13年,ＲＣ,住宅,住宅,,,,第１種中高層住居専用地域,60.0,200.0,2021年第2四半期,,,7.079181246047625
32000024,中古マンション等,,32201,島根県,松江市,上乃木,乃木,28,３ＬＤＫ,75,,,,平成27年,ＲＣ,住宅,住宅,,,,第１種中高層住居専用地域,60.0,200.0,2020年第3四半期,,,7.3979400086720375
32013130,中古マンション等,,32201,島根県,松江市,東茶町,松江,20,２ＬＤＫ,55,,,,平成9年,ＲＣ,住宅,住宅,,,,商業地域,80.0,500.0,2014年第2四半期,未改装,,7.146128035678238
32000462,中古マンション等,,32201,島根県,松江市,学園,松江,30分?60分,２ＬＤＫ,65,,,,平成8年,ＲＣ,,,,,,第２種住居地域,60.0,200.0,2020年第4四半期,改装済,,7.230448921378274
32021886,中古マンション等,,32201,島根県,松江市,寺町,松江,6,３ＬＤＫ,65,,,,平成13年,ＳＲＣ,住宅,,,,,商業地域,80.0,400.0,2012年第4四半期,未改装,,7.204119982655925
32019586,中古マンション等,,32201,島根県,松江市,西川津町,松江,28,３ＬＤＫ,60,,,,平成3年,ＲＣ,住宅,住宅,,,,第１種住居地域,60.0,200.0,2015年第1四半期,改装済,,6.812913356642856
32012760,中古マンション等,,32201,島根県,松江市,春日町,松江しんじ湖温泉,30分?60分,３ＬＤＫ,75,,,,平成18年,ＲＣ,住宅,,,,,第２種中高層住居専用地域,60.0,200.0,2014年第3四半期,未改装,,7.204119982655925
32025657,中古マンション等,,32201,島根県,松江市,黒田町,松江,30分?60分,３ＬＤＫ,80,,,,平成20年,ＲＣ,住宅,,,,,近隣商業地域,80.0,200.0,2013年第4四半期,未改装,,7.342422680822207
32002333,中古マンション等,,32201,島根県,松江市,東津田町,松江,25,２ＬＤＫ＋Ｓ,65,,,,平成12年,ＳＲＣ,住宅,住宅,,,,第１種住居地域,60.0,200.0,2018年第3四半期,改装済,,7.176091259055681
32014864,中古マンション等,,32203,島根県,出雲市,今市町北本町,出雲市,11,２ＬＤＫ,65,,,,平成21年,ＲＣ,住宅,,,,,商業地域,80.0,400.0,2010年第2四半期,未改装,,7.204119982655925
32023204,中古マンション等,,32203,島根県,出雲市,駅南町,出雲市,4,３ＬＤＫ,65,,,,平成14年,ＲＣ,住宅,,,,,商業地域,80.0,400.0,2012年第3四半期,未改装,,7.146128035678238
32019876,中古マンション等,,32201,島根県,松江市,東津田町,松江,30分?60分,３ＬＤＫ,70,,,,平成12年,ＳＲＣ,住宅,住宅,,,,第１種住居地域,60.0,200.0,2015年第2四半期,改装済,,7.230448921378274
32028833,中古マンション等,,32201,島根県,松江市,浜乃木,,,３ＬＤＫ,65,,,,平成8年,ＲＣ,住宅,,,,,,,,2009年第2四半期,改装済,,6.977723605288848
32000604,中古マンション等,,32201,島根県,松江市,春日町,松江しんじ湖温泉,25,３ＬＤＫ,90,,,,平成17年,ＲＣ,住宅,住宅,,,,第２種住居地域,60.0,200.0,2020年第4四半期,,,7.176091259055681
32031022,中古マンション等,,32201,島根県,松江市,黒田町,松江,30分?60分,３ＬＤＫ,75,,,,戦前,ＲＣ,住宅,,,,,第２種住居地域,60.0,200.0,2008年第1四半期,未改装,,7.2552725051033065
32029256,中古マンション等,,32203,島根県,出雲市,駅南町,出雲市,3,３ＬＤＫ,65,,,,平成14年,ＲＣ,住宅,,,,,商業地域,80.0,400.0,2009年第3四半期,未改装,,6.977723605288848
32000605,中古マンション等,,32201,島根県,松江市,春日町,松江しんじ湖温泉,30分?60分,３ＬＤＫ,75,,,,平成18年,ＲＣ,,住宅,,,,第２種中高層住居専用地域,60.0,200.0,2018年第3四半期,未改装,,7.2552725051033065
32013582,中古マンション等,,32203,島根県,出雲市,今市町,出雲市,5,３ＬＤＫ,85,,,,平成19年,ＲＣ,住宅,住宅,,,,商業地域,80.0,400.0,2014年第3四半期,未改装,,7.380211241711606
32001721,中古マンション等,,32201,島根県,松江市,西津田,松江,20,３ＬＤＫ,60,,,,平成4年,ＲＣ,住宅,住宅,,,,第１種住居地域,60.0,200.0,2018年第3四半期,未改装,,6.977723605288848
32001618,中古マンション等,,32201,島根県,松江市,西川津町,松江,30分?60分,４ＬＤＫ,85,,,,平成13年,ＲＣ,住宅,住宅,,,,第１種中高層住居専用地域,60.0,200.0,2019年第2四半期,未改装,,7.2552725051033065
32015290,中古マンション等,,32201,島根県,松江市,黒田町,松江,30分?60分,３ＬＤＫ,70,,,,平成13年,ＲＣ,住宅,,,,,近隣商業地域,80.0,200.0,2011年第1四半期,未改装,,7.230448921378274
32012788,中古マンション等,,32201,島根県,松江市,黒田町,松江,30分?60分,２ＬＤＫ,65,,,,平成13年,ＲＣ,住宅,住宅,,,,近隣商業地域,80.0,200.0,2014年第4四半期,未改装,,7.176091259055681
32031491,中古マンション等,,32201,島根県,松江市,西津田,,,４ＬＤＫ,80,,,,平成6年,ＲＣ,住宅,,,,,,,,2008年第4四半期,未改装,,6.845098040014257
32013510,中古マンション等,,32201,島根県,松江市,春日町,松江,30分?60分,３ＬＤＫ,70,,,,平成21年,ＲＣ,住宅,,,,,第２種中高層住居専用地域,60.0,200.0,2010年第2四半期,未改装,,7.2552725051033065
32012980,中古マンション等,,32201,島根県,松江市,西津田,松江,15,４ＬＤＫ,75,,,,平成9年,ＲＣ,住宅,住宅,,,,第２種住居地域,60.0,200.0,2014年第4四半期,改装済,,7.176091259055681
32001956,中古マンション等,,32201,島根県,松江市,浜乃木,乃木,6,３ＬＤＫ,75,,,,平成15年,ＲＣ,住宅,住宅,,,,第２種住居地域,60.0,200.0,2019年第1四半期,未改装,,7.278753600952829
32000723,中古マンション等,,32201,島根県,松江市,黒田町,松江,30分?60分,２ＬＤＫ,70,,,,平成18年,ＳＲＣ,住宅,住宅,,,,第２種中高層住居専用地域,60.0,200.0,2020年第2四半期,未改装,,7.204119982655925
32026013,中古マンション等,,32201,島根県,松江市,西津田,松江,15,４ＬＤＫ,75,,,,平成9年,ＲＣ,住宅,,,,,第２種住居地域,60.0,200.0,2013年第1四半期,未改装,,7.146128035678238
32013502,中古マンション等,,32201,島根県,松江市,春日町,松江,30分?60分,３ＬＤＫ,70,,,,平成21年,ＲＣ,住宅,,,,,第２種中高層住居専用地域,60.0,200.0,2010年第3四半期,未改装,,7.2552725051033065
32001189,中古マンション等,,32201,島根県,松江市,大輪町,松江,30分?60分,３ＬＤＫ,70,,,,平成9年,ＲＣ,住宅,住宅,,,,第１種住居地域,60.0,200.0,2018年第1四半期,改装済,,7.230448921378274
32004554,中古マンション等,,32203,島根県,出雲市,小山町,出雲市,30分?60分,３ＬＤＫ,70,,,,平成14年,ＳＲＣ,住宅,住宅,,,,第１種住居地域,60.0,200.0,2020年第1四半期,未改装,,7.278753600952829
32031297,中古マンション等,,32201,島根県,松江市,千鳥町,松江しんじ湖温泉,3,３ＬＤＫ,65,,,,平成7年,ＲＣ,住宅,,,,,商業地域,80.0,400.0,2008年第1四半期,未改装,,7.146128035678238
32031470,中古マンション等,,32201,島根県,松江市,西津田,松江,13,３ＬＤＫ,70,,,,平成5年,ＲＣ,住宅,,,,,第１種住居地域,60.0,200.0,2008年第4四半期,未改装,,7.0
32013889,中古マンション等,,32201,島根県,松江市,西津田,松江,13,３ＬＤＫ,65,,,,平成4年,ＲＣ,住宅,,,,,第１種住居地域,60.0,200.0,2010年第2四半期,未改装,調停・競売等,6.748188027006201
32000578,中古マンション等,,32201,島根県,松江市,春日町,松江,30分?60分,３ＬＤＫ,85,,,,平成21年,ＲＣ,住宅,住宅,,,,第２種中高層住居専用地域,60.0,200.0,2020年第1四半期,改装済,,7.301029995663981
32019625,中古マンション等,,32201,島根県,松江市,西津田,松江,20,３ＬＤＫ,70,,,,平成4年,ＲＣ,住宅,住宅,,,,第１種住居地域,60.0,200.0,2015年第4四半期,改装済,,7.113943352306837
32030891,中古マンション等,,32201,島根県,松江市,学園,松江,,３ＬＤＫ,70,,,,平成7年,ＲＣ,住宅,,,,,第２種住居地域,60.0,200.0,2008年第4四半期,未改装,,7.113943352306837
32000574,中古マンション等,,32201,島根県,松江市,春日町,松江,30分?60分,３ＬＤＫ,85,,,,平成21年,ＲＣ,住宅,住宅,,,,第２種中高層住居専用地域,60.0,200.0,2020年第4四半期,未改装,,7.342422680822207
32018915,中古マンション等,,32201,島根県,松江市,内中原町,松江しんじ湖温泉,9,５ＬＤＫ,105,,,,平成13年,ＲＣ,住宅,住宅,,,,商業地域,80.0,400.0,2015年第4四半期,未改装,,7.3979400086720375
32013393,中古マンション等,,32201,島根県,松江市,上乃木,松江,30分?60分,４ＬＤＫ,85,,,,平成18年,ＲＣ,住宅,,,,,第２種住居地域,60.0,200.0,2010年第3四半期,未改装,,7.3222192947339195
32012999,中古マンション等,,32201,島根県,松江市,西津田,松江,15,３ＬＤＫ,65,,,,平成9年,ＲＣ,住宅,,,,,第２種住居地域,60.0,200.0,2014年第1四半期,改装済,,7.113943352306837
32006759,中古マンション等,,32203,島根県,出雲市,斐川町富村,直江,9,３ＬＤＫ,70,,,,平成5年,ＲＣ,住宅,事務所,,,,市街化区域及び市街化調整区域外の都市計画区域,70.0,200.0,2016年第4四半期,未改装,,6.812913356642856
32030896,中古マンション等,,32201,島根県,松江市,学園,松江,30分?60分,４ＬＤＫ,80,,,,平成7年,ＲＣ,住宅,,,,,第２種中高層住居専用地域,60.0,200.0,2007年第4四半期,未改装,,7.176091259055681
32030995,中古マンション等,,32201,島根県,松江市,北田町,松江,21,３ＬＤＫ,70,,,,平成8年,ＲＣ,住宅,,,,,第１種住居地域,60.0,200.0,2007年第3四半期,改装済,,7.146128035678238
32019585,中古マンション等,,32201,島根県,松江市,西川津町,松江,30分?60分,４ＬＤＫ,70,,,,平成13年,ＲＣ,住宅,住宅,,,,第１種中高層住居専用地域,60.0,200.0,2015年第1四半期,改装済,,7.113943352306837
32019647,中古マンション等,,32201,島根県,松江市,西津田,松江,12,３ＬＤＫ,60,,,,平成4年,ＲＣ,住宅,住宅,,,,第１種住居地域,60.0,200.0,2015年第1四半期,未改装,,6.977723605288848
32000637,中古マンション等,,32201,島根県,松江市,北田町,松江,20,３ＬＤＫ,80,,,,平成29年,ＲＣ,住宅,住宅,,,,第２種中高層住居専用地域,60.0,200.0,2021年第1四半期,未改装,,7.414973347970818
32018828,中古マンション等,,32201,島根県,松江市,上乃木,乃木,12,４ＬＤＫ,85,,,,平成18年,ＲＣ,住宅,住宅,,,,第２種住居地域,60.0,200.0,2015年第3四半期,改装済,,7.414973347970818
32015568,中古マンション等,,32201,島根県,松江市,大輪町,松江,28,３ＬＤＫ,70,,,,平成19年,ＲＣ,住宅,,,,,第１種住居地域,60.0,200.0,2011年第4四半期,未改装,,7.342422680822207
32018995,中古マンション等,,32201,島根県,松江市,奥谷町,松江,30分?60分,,55,,,,平成3年,ＲＣ,住宅,住宅,,,,第１種中高層住居専用地域,60.0,200.0,2015年第3四半期,改装済,,6.968482948553935
32018994,中古マンション等,,32201,島根県,松江市,奥谷町,松江,30分?60分,３ＬＤＫ,60,,,,平成3年,ＲＣ,住宅,住宅,,,,第１種中高層住居専用地域,60.0,200.0,2015年第3四半期,未改装,,7.079181246047625
32000655,中古マンション等,,32201,島根県,松江市,北田町,松江,21,３ＬＤＫ,70,,,,平成8年,ＲＣ,住宅,住宅,,,,第１種住居地域,60.0,200.0,2016年第3四半期,未改装,,6.977723605288848
32013717,中古マンション等,,32201,島根県,松江市,大輪町,,,４ＬＤＫ,80,,,,平成9年,ＲＣ,住宅,,,,,第１種住居地域,60.0,200.0,2010年第1四半期,,,7.176091259055681
32004069,中古マンション等,,32203,島根県,出雲市,今市町北本町,出雲市,12,３ＬＤＫ,70,,,,平成21年,ＲＣ,住宅,住宅,,,,商業地域,80.0,400.0,2017年第3四半期,未改装,,7.380211241711606
32001692,中古マンション等,,32201,島根県,松江市,西津田,松江,30分?60分,３ＬＤＫ,85,,,,平成25年,ＲＣ,住宅,住宅,,,,第２種中高層住居専用地域,60.0,200.0,2020年第4四半期,未改装,,7.342422680822207
32001965,中古マンション等,,32201,島根県,松江市,浜乃木,乃木,6,３ＬＤＫ,75,,,,平成15年,ＲＣ,,住宅,,,,第２種住居地域,60.0,200.0,2018年第2四半期,改装済,,7.3222192947339195
32019630,中古マンション等,,32201,島根県,松江市,西津田,松江,21,４ＬＤＫ,75,,,,平成15年,ＳＲＣ,住宅,住宅,,,,準工業地域,60.0,200.0,2015年第3四半期,未改装,,7.230448921378274
32015797,中古マンション等,,32201,島根県,松江市,西津田,松江,21,３ＬＤＫ,65,,,,平成15年,ＳＲＣ,住宅,,,,,準工業地域,60.0,200.0,2011年第2四半期,未改装,,7.176091259055681
32000476,中古マンション等,,32201,島根県,松江市,学園,松江,30分?60分,３ＬＤＫ,70,,,,平成16年,ＳＲＣ,住宅,住宅,,,,第２種住居地域,60.0,200.0,2018年第2四半期,未改装,,7.2552725051033065
32001486,中古マンション等,,32201,島根県,松江市,寺町,松江,5,４ＬＤＫ,80,,,,平成13年,ＳＲＣ,住宅,住宅,,,,第２種住居地域,80.0,400.0,2020年第1四半期,,,7.342422680822207
32028552,中古マンション等,,32201,島根県,松江市,学園南,松江,20,３ＬＤＫ,75,,,,平成20年,ＲＣ,住宅,,,,,第２種住居地域,60.0,200.0,2009年第3四半期,未改装,,7.361727836017593
32001187,中古マンション等,,32201,島根県,松江市,大輪町,松江,30分?60分,３ＬＤＫ,65,,,,平成9年,ＳＲＣ,住宅,住宅,,,,第１種住居地域,60.0,200.0,2018年第3四半期,未改装,,7.146128035678238
32016144,中古マンション等,,32201,島根県,松江市,東茶町,松江,20,３ＬＤＫ,70,,,,平成9年,ＲＣ,住宅,,,,,商業地域,80.0,500.0,2011年第2四半期,未改装,,6.698970004336019
32028581,中古マンション等,,32201,島根県,松江市,春日町,松江,30分?60分,４ＬＤＫ,90,,,,平成21年,ＲＣ,住宅,,,,,第２種中高層住居専用地域,60.0,200.0,2009年第3四半期,未改装,,7.4623979978989565
32031434,中古マンション等,,32201,島根県,松江市,西川津町,松江,26,３ＬＤＫ,60,,,,平成2年,ＲＣ,住宅,,,,,第１種住居地域,60.0,200.0,2008年第2四半期,改装済,,6.770852011642144
32021496,中古マンション等,,32201,島根県,松江市,黒田町,松江,30分?60分,３ＬＤＫ,65,,,,平成13年,ＲＣ,住宅,,,,,近隣商業地域,80.0,200.0,2012年第2四半期,未改装,,7.230448921378274
32013039,中古マンション等,,32201,島根県,松江市,浜乃木,乃木,6,４ＬＤＫ,80,,,,平成11年,ＳＲＣ,住宅,住宅,,,,第１種住居地域,60.0,200.0,2014年第3四半期,未改装,,7.230448921378274
32019631,中古マンション等,,32201,島根県,松江市,西津田,松江,21,４ＬＤＫ,80,,,,平成15年,ＳＲＣ,住宅,住宅,,,,準工業地域,60.0,200.0,2015年第3四半期,未改装,,7.176091259055681
32013051,中古マンション等,,32201,島根県,松江市,東朝日町,松江,13,３ＬＤＫ,70,,,,平成15年,ＲＣ,住宅,住宅,,,,準工業地域,60.0,200.0,2014年第2四半期,未改装,,7.278753600952829
32001592,中古マンション等,,32201,島根県,松江市,西川津町,松江,25,２ＬＤＫ,60,,,,平成2年,ＲＣ,住宅,住宅,,,,第１種中高層住居専用地域,60.0,200.0,2020年第4四半期,改装済,,6.8750612633917
32031548,中古マンション等,,32201,島根県,松江市,東朝日町,松江,16,３ＬＤＫ,70,,,,平成14年,ＲＣ,住宅,,,,,第２種住居地域,60.0,200.0,2008年第3四半期,未改装,,7.301029995663981
32002020,中古マンション等,,32201,島根県,松江市,東朝日町,松江,10,３ＬＤＫ,70,,,,平成15年,ＲＣ,住宅,住宅,,,,準工業地域,60.0,200.0,2017年第1四半期,未改装,,7.301029995663981
32031532,中古マンション等,,32201,島根県,松江市,浜乃木,乃木,7,３ＬＤＫ,70,,,,平成11年,ＳＲＣ,住宅,,,,,第１種住居地域,60.0,200.0,2007年第3四半期,改装済,,7.113943352306837
32030961,中古マンション等,,32201,島根県,松江市,春日町,松江,30分?60分,２ＬＤＫ,65,,,,平成18年,ＲＣ,住宅,,,,,第２種中高層住居専用地域,60.0,200.0,2007年第2四半期,未改装,,7.230448921378274
32001963,中古マンション等,,32201,島根県,松江市,浜乃木,乃木,9,３ＬＤＫ,75,,,,平成16年,ＲＣ,住宅,住宅,,,,第２種住居地域,60.0,200.0,2018年第3四半期,未改装,,7.301029995663981
32012893,中古マンション等,,32201,島根県,松江市,外中原町,松江,30分?60分,３ＬＤＫ,70,,,,平成14年,ＳＲＣ,住宅,,,,,第１種住居地域,60.0,200.0,2014年第1四半期,未改装,,7.204119982655925
32012986,中古マンション等,,32201,島根県,松江市,西津田,松江,12,３ＬＤＫ,65,,,,平成4年,ＲＣ,住宅,住宅,,,,第１種住居地域,60.0,200.0,2014年第3四半期,改装済,,7.041392685158225
32012965,中古マンション等,,32201,島根県,松江市,西川津町,松江,26,３ＬＤＫ,60,,,,平成2年,ＲＣ,住宅,住宅,,,,第１種住居地域,60.0,200.0,2014年第3四半期,,,6.778151250383644
32000472,中古マンション等,,32201,島根県,松江市,学園,松江,24,３ＬＤＫ,75,,,,平成14年,ＳＲＣ,住宅,住宅,,,,第２種住居地域,60.0,200.0,2019年第3四半期,未改装,,7.230448921378274
32019004,中古マンション等,,32201,島根県,松江市,学園,松江,29,３ＬＤＫ,70,,,,平成7年,ＲＣ,住宅,住宅,,,,第２種中高層住居専用地域,60.0,200.0,2015年第3四半期,未改装,,7.146128035678238
32001191,中古マンション等,,32201,島根県,松江市,大輪町,松江,30分?60分,４ＬＤＫ,85,,,,,ＲＣ,住宅,住宅,,,,第１種住居地域,,,2017年第1四半期,未改装,,7.361727836017593
32001961,中古マンション等,,32201,島根県,松江市,浜乃木,乃木,4,３ＬＤＫ,70,,,,平成15年,ＲＣ,住宅,住宅,,,,準工業地域,60.0,200.0,2018年第4四半期,未改装,,7.230448921378274
32021997,中古マンション等,,32201,島根県,松江市,西津田,松江,13,４ＬＤＫ,80,,,,平成6年,ＲＣ,住宅,,,,,第１種住居地域,60.0,200.0,2012年第1四半期,未改装,,7.0
32019755,中古マンション等,,32201,島根県,松江市,東朝日町,松江,13,３ＬＤＫ,75,,,,平成15年,ＲＣ,住宅,住宅,,,,準工業地域,60.0,200.0,2015年第4四半期,未改装,,7.278753600952829
32012733,中古マンション等,,32201,島根県,松江市,学園,松江,23,３ＬＤＫ,65,,,,平成8年,ＲＣ,住宅,住宅,,,,第２種住居地域,60.0,200.0,2014年第4四半期,改装済,,7.146128035678238
32021799,中古マンション等,,32201,島根県,松江市,袖師町,松江,21,３ＬＤＫ,70,,,,平成12年,ＳＲＣ,住宅,,,,,商業地域,80.0,400.0,2012年第4四半期,未改装,,7.176091259055681
32000303,中古マンション等,,32201,島根県,松江市,内中原町,松江しんじ湖温泉,11,３ＬＤＫ,95,,,,平成18年,,,住宅,,,,第１種中高層住居専用地域,60.0,200.0,2017年第3四半期,未改装,,7.361727836017593
32001703,中古マンション等,,32201,島根県,松江市,西津田,松江,13,３ＬＤＫ,65,,,,平成4年,ＲＣ,住宅,住宅,,,,第１種住居地域,60.0,200.0,2019年第3四半期,未改装,,6.977723605288848
32001160,中古マンション等,,32201,島根県,松江市,袖師町,松江,21,２ＬＤＫ,70,,,,平成12年,ＳＲＣ,,住宅,,,,商業地域,80.0,400.0,2020年第1四半期,未改装,,7.230448921378274
32001181,中古マンション等,,32201,島根県,松江市,大正町,松江,3,３ＬＤＫ,70,,,,平成13年,ＳＲＣ,住宅,住宅,,,,商業地域,80.0,400.0,2019年第3四半期,未改装,,7.2552725051033065
32031474,中古マンション等,,32201,島根県,松江市,西津田,松江,21,４ＬＤＫ,80,,,,平成15年,ＳＲＣ,住宅,,,,,準工業地域,60.0,200.0,2008年第2四半期,,調停・競売等,7.176091259055681
32015129,中古マンション等,,32201,島根県,松江市,学園,松江,29,３ＬＤＫ,60,,,,平成7年,ＲＣ,住宅,,,,,第２種住居地域,60.0,200.0,2011年第4四半期,未改装,,6.973127853599698
32012970,中古マンション等,,32201,島根県,松江市,西川津町,松江,30分?60分,３ＬＤＫ,75,,,,平成13年,ＲＣ,住宅,住宅,,,,第１種中高層住居専用地域,60.0,200.0,2014年第2四半期,改装済,,7.176091259055681
32028586,中古マンション等,,32201,島根県,松江市,春日町,松江しんじ湖温泉,30分?60分,３ＬＤＫ,75,,,,平成18年,ＲＣ,住宅,,,,,第２種中高層住居専用地域,60.0,200.0,2009年第3四半期,未改装,,7.204119982655925
32025550,中古マンション等,,32201,島根県,松江市,春日町,松江,30分?60分,４ＬＤＫ,90,,,,平成21年,ＲＣ,住宅,,,,,第２種中高層住居専用地域,60.0,200.0,2013年第3四半期,未改装,,7.431363764158987
32019394,中古マンション等,,32201,島根県,松江市,袖師町,松江,23,３ＬＤＫ,70,,,,平成12年,ＳＲＣ,住宅,住宅,,,,商業地域,80.0,400.0,2015年第4四半期,未改装,,7.146128035678238
32030956,中古マンション等,,32201,島根県,松江市,春日町,松江,30分?60分,３ＬＤＫ,95,,,,平成17年,ＲＣ,住宅,,,,,第２種住居地域,60.0,200.0,2008年第3四半期,改装済,,7.3222192947339195
32000647,中古マンション等,,32201,島根県,松江市,北田町,松江,23,１ＬＤＫ,50,,,,昭和64年,ＳＲＣ,住宅,住宅,,,,近隣商業地域,80.0,200.0,2019年第2四半期,改装済,,6.778151250383644
32001966,中古マンション等,,32201,島根県,松江市,浜乃木,乃木,6,２ＬＤＫ,65,,,,平成11年,ＳＲＣ,住宅,住宅,,,,第１種住居地域,60.0,200.0,2018年第2四半期,未改装,,7.204119982655925
32000468,中古マンション等,,32201,島根県,松江市,学園,松江,30分?60分,３ＬＤＫ,75,,,,,,,住宅,,,,第２種住居地域,,,2020年第1四半期,未改装,,7.342422680822207
32001946,中古マンション等,,32201,島根県,松江市,浜乃木,乃木,3,３ＬＤＫ,90,,,,平成2年,ＲＣ,住宅,住宅,,,,第２種住居地域,60.0,200.0,2020年第4四半期,改装済,,7.0
32025447,中古マンション等,,32201,島根県,松江市,学園南,松江,15,オープンフロア,60,,,,平成12年,ＳＲＣ,事務所,,,,,第２種中高層住居専用地域,60.0,200.0,2013年第1四半期,未改装,,7.0
32000049,中古マンション等,,32201,島根県,松江市,上乃木,松江,30分?60分,２ＬＤＫ,80,,,,平成27年,ＲＣ,住宅,住宅,,,,第１種中高層住居専用地域,60.0,200.0,2021年第2四半期,未改装,,7.431363764158987
32019629,中古マンション等,,32201,島根県,松江市,西津田,松江,14,４ＬＤＫ,80,,,,平成6年,ＲＣ,住宅,住宅,,,,第１種住居地域,60.0,200.0,2015年第3四半期,未改装,,7.113943352306837
32002358,中古マンション等,,32201,島根県,松江市,東津田町,松江,30分?60分,３ＬＤＫ,65,,,,平成12年,,住宅,住宅,,,,第１種住居地域,60.0,200.0,2017年第4四半期,未改装,,7.079181246047625
32000497,中古マンション等,,32201,島根県,松江市,学園南,松江,16,３ＬＤＫ,65,,,,平成5年,ＲＣ,住宅,住宅,,,,第１種住居地域,60.0,200.0,2016年第2四半期,未改装,,7.079181246047625
32000581,中古マンション等,,32201,島根県,松江市,春日町,松江,30分?60分,４ＬＤＫ,85,,,,平成21年,ＲＣ,,住宅,,,,第２種中高層住居専用地域,60.0,200.0,2019年第1四半期,未改装,,7.380211241711606
32001302,中古マンション等,,32201,島根県,松江市,玉湯町湯町,玉造温泉,13,２ＬＤＫ,50,,,,平成28年,ＲＣ,住宅,その他,,,,商業地域,80.0,400.0,2020年第3四半期,改装済,,6.832508912706237
32013952,中古マンション等,,32201,島根県,松江市,浜乃木,乃木,5,３ＬＤＫ,80,,,,平成11年,ＳＲＣ,住宅,,,,,第１種住居地域,60.0,200.0,2010年第2四半期,未改装,調停・競売等,6.977723605288848
32013841,中古マンション等,,32201,島根県,松江市,西川津町,松江,26,３ＬＤＫ,60,,,,平成3年,ＲＣ,住宅,,,,,第１種住居地域,60.0,200.0,2010年第2四半期,未改装,,6.748188027006201
32030902,中古マンション等,,32201,島根県,松江市,学園,松江,28,３ＬＤＫ,65,,,,平成7年,ＲＣ,住宅,,,,,第２種中高層住居専用地域,60.0,200.0,2007年第2四半期,改装済,,7.146128035678238
32026119,中古マンション等,,32201,島根県,松江市,東朝日町,松江,10,,75,,,,平成15年,ＲＣ,住宅,,,,,準工業地域,60.0,200.0,2013年第4四半期,,,7.2552725051033065
32021499,中古マンション等,,32201,島根県,松江市,黒田町,松江,30分?60分,３ＬＤＫ,70,,,,平成13年,ＲＣ,住宅,,,,,近隣商業地域,80.0,200.0,2012年第1四半期,未改装,,6.954242509439325
32000477,中古マンション等,,32201,島根県,松江市,学園,松江,28,４ＬＤＫ,70,,,,平成7年,ＲＣ,住宅,住宅,,,,第２種中高層住居専用地域,60.0,200.0,2018年第2四半期,未改装,,7.176091259055681
32028723,中古マンション等,,32201,島根県,松江市,大輪町,松江,28,４ＬＤＫ,85,,,,平成8年,ＲＣ,住宅,,,,,第１種住居地域,60.0,200.0,2009年第4四半期,未改装,調停・競売等,6.991226075692495
32028772,中古マンション等,,32201,島根県,松江市,西川津町,松江,24,３ＬＤＫ,65,,,,平成12年,ＲＣ,住宅,,,,,第１種住居地域,60.0,200.0,2009年第3四半期,未改装,,7.041392685158225
32013833,中古マンション等,,32201,島根県,松江市,西川津町,松江,24,３ＬＤＫ,60,,,,平成2年,ＲＣ,住宅,,,,,第１種住居地域,60.0,200.0,2010年第4四半期,改装済,,6.6020599913279625
32029220,中古マンション等,,32203,島根県,出雲市,今市町,出雲市,5,３ＬＤＫ,80,,,,,ＲＣ,住宅,,,,,市街化区域及び市街化調整区域外の都市計画区域,,,2009年第3四半期,未改装,,7.3222192947339195
32001510,中古マンション等,,32201,島根県,松江市,殿町,松江,23,４ＬＤＫ,100,,,,平成19年,ＳＲＣ,住宅,住宅,,,,商業地域,80.0,500.0,2020年第1四半期,未改装,,7.447158031342219
32000759,中古マンション等,,32201,島根県,松江市,黒田町,松江しんじ湖温泉,12,３ＬＤＫ,100,,,,平成20年,ＲＣ,住宅,住宅,,,,近隣商業地域,80.0,200.0,2017年第1四半期,未改装,,7.447158031342219
32000036,中古マンション等,,32201,島根県,松江市,上乃木,乃木,11,３ＬＤＫ,85,,,,平成18年,ＲＣ,住宅,住宅,,,,第２種住居地域,60.0,200.0,2018年第4四半期,改装済,,7.3979400086720375
32000466,中古マンション等,,32201,島根県,松江市,学園,松江,30分?60分,３ＬＤＫ,70,,,,平成7年,ＲＣ,住宅,住宅,,,,第２種中高層住居専用地域,60.0,200.0,2020年第2四半期,未改装,,7.204119982655925
32001749,中古マンション等,,32201,島根県,松江市,西津田,松江,14,３ＬＤＫ,65,,,,平成9年,ＲＣ,住宅,その他,,,,第２種住居地域,60.0,200.0,2016年第2四半期,改装済,,7.079181246047625
32022227,中古マンション等,,32201,島根県,松江市,東津田町,松江,30分?60分,３ＬＤＫ,75,,,,平成19年,ＲＣ,住宅,,,,,第１種住居地域,60.0,200.0,2012年第1四半期,未改装,,7.361727836017593
32001619,中古マンション等,,32201,島根県,松江市,西川津町,松江,26,３ＬＤＫ,60,,,,,,,住宅,,,,第１種住居地域,60.0,200.0,2019年第2四半期,未改装,,6.7923916894982534
32000464,中古マンション等,,32201,島根県,松江市,学園,松江,28,３ＬＤＫ,70,,,,平成7年,ＲＣ,住宅,住宅,,,,第２種中高層住居専用地域,60.0,200.0,2020年第4四半期,未改装,,7.176091259055681
32000640,中古マンション等,,32201,島根県,松江市,北田町,松江,19,３ＬＤＫ,90,,,,平成17年,,,住宅,,,,第２種住居地域,60.0,200.0,2020年第3四半期,改装済,,7.414973347970818
32031299,中古マンション等,,32201,島根県,松江市,寺町,松江,4,３ＬＤＫ,80,,,,平成13年,ＳＲＣ,住宅,,,,,商業地域,80.0,400.0,2008年第1四半期,未改装,,7.041392685158225
32001157,中古マンション等,,32201,島根県,松江市,砂子町,松江しんじ湖温泉,10,４ＬＤＫ,85,,,,平成12年,ＲＣ,住宅,住宅,,,,近隣商業地域,80.0,200.0,2017年第3四半期,未改装,,7.301029995663981
32000648,中古マンション等,,32201,島根県,松江市,北田町,松江,19,３ＬＤＫ,80,,,,平成29年,ＲＣ,,住宅,,,,第２種中高層住居専用地域,60.0,200.0,2019年第2四半期,未改装,,7.447158031342219
32000469,中古マンション等,,32201,島根県,松江市,学園,松江,26,４ＬＤＫ,80,,,,平成7年,ＲＣ,住宅,住宅,,,,第２種住居地域,60.0,200.0,2020年第1四半期,未改装,,7.113943352306837
32012974,中古マンション等,,32201,島根県,松江市,西川津町,松江,30分?60分,３ＬＤＫ,65,,,,平成13年,ＲＣ,住宅,,,,,第１種中高層住居専用地域,60.0,200.0,2014年第1四半期,未改装,,7.176091259055681
32000757,中古マンション等,,32201,島根県,松江市,黒田町,松江しんじ湖温泉,12,２ＬＤＫ＋Ｓ,80,,,,平成20年,ＲＣ,,住宅,,,,近隣商業地域,80.0,200.0,2018年第2四半期,,,7.342422680822207
32015932,中古マンション等,,32201,島根県,松江市,東朝日町,松江,12,３ＬＤＫ,70,,,,平成15年,ＲＣ,住宅,,,,,準工業地域,60.0,200.0,2011年第2四半期,改装済,,7.2552725051033065
32025998,中古マンション等,,32201,島根県,松江市,西津田,松江,18,３ＬＤＫ,65,,,,平成9年,ＲＣ,住宅,,,,,第２種住居地域,60.0,200.0,2013年第4四半期,未改装,,6.963787827345556
32025855,中古マンション等,,32201,島根県,松江市,大輪町,松江,30分?60分,３ＬＤＫ,65,,,,平成9年,ＲＣ,住宅,,,,,第１種住居地域,60.0,200.0,2013年第1四半期,未改装,,7.204119982655925
32031033,中古マンション等,,32201,島根県,松江市,黒田町,松江しんじ湖温泉,18,３ＬＤＫ,65,,,,平成13年,ＲＣ,住宅,,,,,近隣商業地域,80.0,200.0,2007年第2四半期,未改装,,7.176091259055681
32029496,中古マンション等,,32203,島根県,出雲市,中野美保北,出雲市,29,３ＬＤＫ,70,,,,平成17年,ＲＣ,住宅,,,,,第２種住居地域,60.0,200.0,2009年第2四半期,未改装,調停・競売等,6.973127853599698
32031525,中古マンション等,,32201,島根県,松江市,浜乃木,乃木,5,３ＬＤＫ,70,,,,平成11年,ＳＲＣ,住宅,,,,,第１種住居地域,60.0,200.0,2008年第4四半期,未改装,,7.204119982655925
32002295,中古マンション等,,32201,島根県,松江市,東津田町,松江,30分?60分,３ＬＤＫ,75,,,,平成19年,,住宅,住宅,,,,第１種住居地域,60.0,200.0,2020年第4四半期,未改装,,7.301029995663981
32019095,中古マンション等,,32201,島根県,松江市,春日町,松江しんじ湖温泉,25,４ＬＤＫ,120,,,,平成17年,ＲＣ,住宅,住宅,,,,第２種住居地域,60.0,200.0,2015年第4四半期,未改装,,7.518513939877887
32025559,中古マンション等,,32201,島根県,松江市,春日町,松江,30分?60分,４ＬＤＫ,90,,,,平成17年,ＲＣ,住宅,,,,,第２種中高層住居専用地域,60.0,200.0,2013年第1四半期,未改装,,7.2552725051033065
32001161,中古マンション等,,32201,島根県,松江市,袖師町,松江,21,３ＬＤＫ,65,,,,平成12年,ＳＲＣ,住宅,住宅,,,,商業地域,80.0,400.0,2017年第4四半期,未改装,,7.278753600952829
32025437,中古マンション等,,32201,島根県,松江市,学園,松江,23,２ＬＤＫ,75,,,,平成13年,ＳＲＣ,住宅,,,,,第２種住居地域,60.0,200.0,2013年第3四半期,未改装,,7.230448921378274
32026252,中古マンション等,,32201,島根県,松江市,東茶町,松江,19,２ＬＤＫ,55,,,,平成9年,ＲＣ,住宅,,,,,商業地域,80.0,500.0,2013年第1四半期,未改装,,7.176091259055681
32004070,中古マンション等,,32203,島根県,出雲市,今市町北本町,出雲市,11,２ＬＤＫ,65,,,,平成21年,ＲＣ,住宅,住宅,,,,商業地域,80.0,400.0,2017年第3四半期,未改装,,7.2552725051033065
32013891,中古マンション等,,32201,島根県,松江市,西津田,松江,13,３ＬＤＫ,70,,,,平成4年,ＲＣ,住宅,,,,,第１種住居地域,60.0,200.0,2010年第1四半期,改装済,,6.892094602690481
32000487,中古マンション等,,32201,島根県,松江市,学園南,松江,15,３ＬＤＫ,75,,,,平成13年,ＳＲＣ,住宅,住宅,,,,第２種住居地域,60.0,200.0,2021年第2四半期,未改装,,7.3222192947339195
32000653,中古マンション等,,32201,島根県,松江市,北田町,松江,20,３ＬＤＫ,70,,,,平成8年,ＲＣ,住宅,住宅,,,,第１種住居地域,,,2017年第3四半期,未改装,,7.176091259055681
32015661,中古マンション等,,32203,島根県,出雲市,中野美保北,出雲市,29,３ＬＤＫ,75,,,,平成17年,ＲＣ,住宅,,,,,第２種住居地域,60.0,200.0,2010年第1四半期,未改装,,7.204119982655925
32028582,中古マンション等,,32201,島根県,松江市,春日町,松江,30分?60分,３ＬＤＫ,70,,,,平成21年,ＲＣ,住宅,,,,,第２種中高層住居専用地域,60.0,200.0,2009年第3四半期,未改装,,7.342422680822207
32001723,中古マンション等,,32201,島根県,松江市,西津田,松江,21,３ＬＤＫ,65,,,,平成15年,,住宅,住宅,,,,準工業地域,60.0,200.0,2018年第1四半期,未改装,,7.204119982655925
32013600,中古マンション等,,32203,島根県,出雲市,駅南町,出雲市,3,４ＬＤＫ,75,,,,平成14年,ＲＣ,住宅,住宅,,,,商業地域,80.0,400.0,2014年第3四半期,改装済,,7.176091259055681
32001693,中古マンション等,,32201,島根県,松江市,西津田,松江,14,３ＬＤＫ,70,,,,平成6年,ＲＣ,住宅,住宅,,,,第１種住居地域,60.0,200.0,2020年第3四半期,未改装,,7.113943352306837
32030900,中古マンション等,,32201,島根県,松江市,学園,松江,30分?60分,３ＬＤＫ,65,,,,平成7年,ＲＣ,住宅,,,,,第２種中高層住居専用地域,60.0,200.0,2007年第2四半期,未改装,調停・競売等,6.959041392321094
32001699,中古マンション等,,32201,島根県,松江市,西津田,松江,15,４ＬＤＫ,75,,,,平成9年,ＲＣ,,住宅,,,,第２種住居地域,60.0,200.0,2019年第4四半期,未改装,,7.146128035678238
32028830,中古マンション等,,32201,島根県,松江市,浜乃木,松江,8,２ＬＤＫ,70,,,,平成15年,ＲＣ,住宅,,,,,準工業地域,60.0,200.0,2009年第3四半期,未改装,,7.204119982655925
32013503,中古マンション等,,32201,島根県,松江市,春日町,松江,30分?60分,３ＬＤＫ,70,,,,平成21年,ＲＣ,住宅,,,,,第２種中高層住居専用地域,60.0,200.0,2010年第3四半期,未改装,,7.2552725051033065
32001184,中古マンション等,,32201,島根県,松江市,大正町,松江,2,４ＬＤＫ,90,,,,平成13年,ＳＲＣ,住宅,住宅,,,,商業地域,80.0,400.0,2017年第1四半期,未改装,,7.414973347970818
32000745,中古マンション等,,32201,島根県,松江市,黒田町,松江,30分?60分,３ＬＤＫ,65,,,,平成13年,ＲＣ,住宅,住宅,,,,近隣商業地域,80.0,200.0,2017年第1四半期,改装済,,7.176091259055681
32015731,中古マンション等,,32201,島根県,松江市,西川津町,松江,23,３ＬＤＫ,60,,,,平成3年,ＲＣ,住宅,,,,,第１種住居地域,60.0,200.0,2011年第3四半期,未改装,,6.812913356642856
32019567,中古マンション等,,32201,島根県,松江市,西川津町,松江,30分?60分,３ＬＤＫ,70,,,,平成13年,ＲＣ,住宅,住宅,,,,第１種中高層住居専用地域,60.0,200.0,2015年第3四半期,改装済,,7.230448921378274
32012795,中古マンション等,,32201,島根県,松江市,黒田町,松江しんじ湖温泉,16,３ＬＤＫ,80,,,,平成11年,ＲＣ,住宅,住宅,,,,第２種中高層住居専用地域,60.0,200.0,2014年第2四半期,改装済,,7.230448921378274
32012745,中古マンション等,,32201,島根県,松江市,学園南,松江,16,３ＬＤＫ,90,,,,平成13年,ＳＲＣ,住宅,住宅,,,,第２種住居地域,60.0,200.0,2014年第2四半期,未改装,,7.3222192947339195
32013705,中古マンション等,,32201,島根県,松江市,袖師町,,,３ＬＤＫ,70,,,,平成12年,ＳＲＣ,住宅,,,,,商業地域,80.0,400.0,2010年第2四半期,未改装,,7.079181246047625
32004074,中古マンション等,,32203,島根県,出雲市,今市町北本町,出雲市,11,４ＬＤＫ,80,,,,平成21年,ＲＣ,住宅,住宅,,,,商業地域,80.0,400.0,2016年第1四半期,未改装,,7.3222192947339195
32029237,中古マンション等,,32203,島根県,出雲市,今市町北本町,出雲市,11,３ＬＤＫ,80,,,,平成21年,ＲＣ,住宅,,,,,商業地域,80.0,400.0,2009年第4四半期,未改装,,7.380211241711606
32031630,中古マンション等,,32201,島根県,松江市,東茶町,松江しんじ湖温泉,13,２ＬＤＫ,80,,,,平成9年,ＲＣ,住宅,,,,,商業地域,80.0,500.0,2007年第2四半期,未改装,,7.3979400086720375
32025436,中古マンション等,,32201,島根県,松江市,学園,松江,29,３ＬＤＫ,65,,,,平成7年,ＲＣ,住宅,,,,,第２種住居地域,60.0,200.0,2013年第3四半期,未改装,,7.146128035678238
32015715,中古マンション等,,32201,島根県,松江市,西川津町,松江,30分?60分,３ＬＤＫ,75,,,,平成13年,ＲＣ,住宅,,,,,第１種中高層住居専用地域,60.0,200.0,2011年第4四半期,未改装,,7.278753600952829
32001603,中古マンション等,,32201,島根県,松江市,西川津町,松江,30分?60分,３ＬＤＫ,80,,,,平成13年,,住宅,住宅,,,,第１種中高層住居専用地域,60.0,200.0,2020年第2四半期,未改装,,7.176091259055681
32002026,中古マンション等,,32201,島根県,松江市,東朝日町,松江,13,３ＬＤＫ,75,,,,平成15年,ＲＣ,住宅,住宅,,,,準工業地域,60.0,200.0,2016年第2四半期,未改装,,7.2552725051033065
32028746,中古マンション等,,32201,島根県,松江市,寺町,松江,3,４ＬＤＫ,80,,,,平成13年,ＳＲＣ,住宅,,,,,商業地域,80.0,400.0,2009年第1四半期,未改装,,7.176091259055681
32030897,中古マンション等,,32201,島根県,松江市,学園,松江,30分?60分,３ＬＤＫ,80,,,,平成16年,ＳＲＣ,住宅,,,,,第２種中高層住居専用地域,60.0,200.0,2007年第3四半期,未改装,,7.278753600952829
32001668,中古マンション等,,32201,島根県,松江市,西川津町,松江,30分?60分,３ＬＤＫ,65,,,,平成13年,ＲＣ,住宅,事務所,,,,第１種中高層住居専用地域,60.0,200.0,2016年第2四半期,改装済,,7.230448921378274
32001586,中古マンション等,,32201,島根県,松江市,西川津町,松江,28,３ＬＤＫ,60,,,,平成12年,ＲＣ,住宅,住宅,,,,第１種住居地域,60.0,200.0,2021年第1四半期,未改装,,6.812913356642856
32025549,中古マンション等,,32201,島根県,松江市,春日町,松江,30分?60分,３ＬＤＫ,70,,,,平成21年,ＲＣ,住宅,,,,,第２種中高層住居専用地域,60.0,300.0,2013年第4四半期,未改装,,7.2552725051033065
32002021,中古マンション等,,32201,島根県,松江市,東朝日町,松江,10,３ＬＤＫ,70,,,,平成15年,ＲＣ,住宅,住宅,,,,準工業地域,60.0,200.0,2017年第1四半期,未改装,,7.301029995663981
32028550,中古マンション等,,32201,島根県,松江市,学園南,松江,19,３ＬＤＫ,90,,,,平成20年,ＲＣ,住宅,,,,,第２種住居地域,60.0,200.0,2009年第4四半期,未改装,,7.414973347970818
32001154,中古マンション等,,32201,島根県,松江市,砂子町,松江しんじ湖温泉,9,３ＬＤＫ,75,,,,平成12年,ＲＣ,住宅,住宅,,,,近隣商業地域,80.0,200.0,2020年第4四半期,未改装,調停・競売等,7.176091259055681
32022057,中古マンション等,,32201,島根県,松江市,浜乃木,乃木,5,３ＬＤＫ,65,,,,平成8年,ＲＣ,住宅,,,,,第１種住居地域,60.0,200.0,2012年第3四半期,未改装,,7.342422680822207
32028841,中古マンション等,,32201,島根県,松江市,東朝日町,松江,13,３ＬＤＫ,65,,,,平成14年,ＲＣ,住宅,,,,,第２種住居地域,60.0,200.0,2009年第3四半期,未改装,調停・競売等,7.113943352306837
32000651,中古マンション等,,32201,島根県,松江市,北田町,松江,21,３ＬＤＫ,70,,,,平成8年,ＲＣ,住宅,住宅,,,,第１種住居地域,60.0,200.0,2018年第1四半期,未改装,,7.113943352306837
32025854,中古マンション等,,32201,島根県,松江市,大輪町,松江,28,３ＬＤＫ,75,,,,平成19年,ＲＣ,住宅,,,,,第１種住居地域,60.0,200.0,2013年第4四半期,未改装,,7.230448921378274
32028834,中古マンション等,,32201,島根県,松江市,浜乃木,,,２ＬＤＫ＋Ｓ,65,,,,平成11年,ＳＲＣ,住宅,,,,,,,,2009年第2四半期,改装済,,7.113943352306837
32000642,中古マンション等,,32201,島根県,松江市,北田町,松江,18,３ＬＤＫ,70,,,,平成29年,ＲＣ,,住宅,,,,第２種中高層住居専用地域,60.0,200.0,2020年第1四半期,未改装,,7.4623979978989565
32000816,中古マンション等,,32201,島根県,松江市,古志原,松江,30分?60分,３ＬＤＫ,65,,,,平成16年,ＲＣ,住宅,住宅,,,,第１種住居地域,60.0,200.0,2018年第3四半期,未改装,,7.176091259055681
32028787,中古マンション等,,32201,島根県,松江市,西津田,松江,11,３ＬＤＫ,65,,,,平成6年,ＲＣ,住宅,,,,,第１種住居地域,60.0,200.0,2009年第2四半期,未改装,,6.977723605288848
32004066,中古マンション等,,32203,島根県,出雲市,今市町北本町,出雲市,16,２ＬＤＫ,60,,,,平成29年,ＲＣ,住宅,,,,,第２種住居地域,60.0,200.0,2018年第3四半期,未改装,,7.3979400086720375
32028549,中古マンション等,,32201,島根県,松江市,学園南,松江,19,４ＬＤＫ,90,,,,平成20年,ＲＣ,住宅,,,,,第２種住居地域,60.0,200.0,2009年第4四半期,未改装,,7.3979400086720375
32000576,中古マンション等,,32201,島根県,松江市,春日町,松江,30分?60分,３ＬＤＫ,90,,,,平成21年,ＲＣ,住宅,住宅,,,,第２種中高層住居専用地域,60.0,200.0,2020年第3四半期,改装済,,7.361727836017593
32013836,中古マンション等,,32201,島根県,松江市,西川津町,松江,26,３ＬＤＫ,60,,,,平成2年,ＲＣ,住宅,,,,,第１種住居地域,60.0,200.0,2010年第3四半期,未改装,,6.724275869600789
32013131,中古マンション等,,32201,島根県,松江市,東茶町,松江しんじ湖温泉,9,３ＬＤＫ,75,,,,平成9年,ＲＣ,住宅,住宅,,,,商業地域,80.0,500.0,2014年第4四半期,改装済,,7.230448921378274
32012964,中古マンション等,,32201,島根県,松江市,西川津町,松江,26,３ＬＤＫ,60,,,,平成2年,ＲＣ,住宅,住宅,,,,第１種住居地域,60.0,200.0,2014年第3四半期,,,6.763427993562937
32021251,中古マンション等,,32201,島根県,松江市,学園,松江,26,３ＬＤＫ,60,,,,平成7年,ＲＣ,住宅,,,,,第２種中高層住居専用地域,60.0,200.0,2012年第1四半期,未改装,調停・競売等,7.079181246047625
32015713,中古マンション等,,32201,島根県,松江市,西川津町,松江,25,３ＬＤＫ,60,,,,平成2年,ＲＣ,住宅,,,,,第１種住居地域,60.0,200.0,2011年第4四半期,改装済,,6.903089986991944
32000590,中古マンション等,,32201,島根県,松江市,春日町,松江,30分?60分,３ＬＤＫ,75,,,,平成21年,ＲＣ,,住宅,,,,第２種中高層住居専用地域,,,2017年第4四半期,未改装,,7.278753600952829
32000599,中古マンション等,,32201,島根県,松江市,春日町,松江,1H?1H30,４ＬＤＫ,100,,,,平成18年,ＲＣ,住宅,住宅,,,,第２種中高層住居専用地域,60.0,200.0,2016年第4四半期,未改装,,7.2552725051033065
32004065,中古マンション等,,32203,島根県,出雲市,今市町北本町,出雲市,12,２ＬＤＫ,65,,,,平成21年,ＲＣ,住宅,住宅,,,,商業地域,80.0,400.0,2018年第3四半期,改装済,,7.3222192947339195
32013885,中古マンション等,,32201,島根県,松江市,西津田,松江,13,３ＬＤＫ,70,,,,平成4年,ＲＣ,住宅,,,,,第１種住居地域,60.0,200.0,2010年第4四半期,未改装,,6.954242509439325
32030903,中古マンション等,,32201,島根県,松江市,学園南,,,３ＬＤＫ,70,,,,平成5年,ＲＣ,住宅,,,,,,,,2008年第4四半期,改装済,,6.968482948553935
32028546,中古マンション等,,32201,島根県,松江市,学園,松江,30分?60分,３ＬＤＫ,75,,,,平成16年,ＳＲＣ,住宅,,,,,第２種中高層住居専用地域,60.0,200.0,2009年第3四半期,未改装,調停・競売等,7.146128035678238
32030811,中古マンション等,,32201,島根県,松江市,上乃木,乃木,16,３ＬＤＫ,65,,,,平成13年,ＲＣ,住宅,,,,,第２種中高層住居専用地域,60.0,200.0,2007年第3四半期,改装済,,7.146128035678238
32012794,中古マンション等,,32201,島根県,松江市,黒田町,松江しんじ湖温泉,13,３ＬＤＫ,95,,,,平成20年,ＲＣ,住宅,住宅,,,,近隣商業地域,80.0,200.0,2014年第3四半期,未改装,,7.544068044350276
32026744,中古マンション等,,32203,島根県,出雲市,今市町,出雲市,5,３ＬＤＫ,90,,,,平成19年,ＲＣ,住宅,,,,,商業地域,80.0,400.0,2013年第3四半期,未改装,,7.3222192947339195
32031531,中古マンション等,,32201,島根県,松江市,浜乃木,乃木,8,３ＬＤＫ,70,,,,平成15年,ＲＣ,住宅,,,,,準工業地域,60.0,200.0,2008年第1四半期,未改装,,7.204119982655925
32013593,中古マンション等,,32201,島根県,松江市,黒田町,松江しんじ湖温泉,13,３ＬＤＫ,80,,,,平成20年,ＲＣ,住宅,,,,,近隣商業地域,80.0,200.0,2010年第4四半期,未改装,,7.301029995663981
32001733,中古マンション等,,32201,島根県,松江市,西津田,松江,14,３ＬＤＫ,70,,,,平成6年,ＲＣ,住宅,住宅,,,,第１種住居地域,60.0,200.0,2017年第3四半期,改装済,,7.113943352306837
32015223,中古マンション等,,32201,島根県,松江市,春日町,松江,30分?60分,３ＬＤＫ,75,,,,平成18年,ＲＣ,住宅,,,,,第２種中高層住居専用地域,60.0,200.0,2011年第2四半期,未改装,,7.204119982655925
32021249,中古マンション等,,32201,島根県,松江市,学園,松江,29,３ＬＤＫ,60,,,,平成7年,ＲＣ,住宅,,,,,第２種中高層住居専用地域,60.0,200.0,2012年第1四半期,改装済,,7.146128035678238
32025446,中古マンション等,,32201,島根県,松江市,学園南,松江,15,,65,,,,,ＲＣ,住宅,,,,,第２種住居地域,60.0,200.0,2013年第3四半期,未改装,,7.0
32001188,中古マンション等,,32201,島根県,松江市,大輪町,松江,26,３ＬＤＫ,70,,,,,ＲＣ,住宅,住宅,,,,第１種住居地域,60.0,200.0,2018年第3四半期,未改装,,7.146128035678238
32000570,中古マンション等,,32201,島根県,松江市,春日町,松江,30分?60分,３ＬＤＫ,85,,,,平成21年,ＲＣ,住宅,住宅,,,,第２種中高層住居専用地域,60.0,200.0,2021年第2四半期,未改装,,7.361727836017593
32013465,中古マンション等,,32201,島根県,松江市,学園,松江,28,３ＬＤＫ,70,,,,平成8年,ＲＣ,住宅,,,,,第２種住居地域,60.0,200.0,2010年第1四半期,改装済,,7.146128035678238
32031433,中古マンション等,,32201,島根県,松江市,西川津町,松江,,３ＬＤＫ,65,,,,平成13年,ＲＣ,住宅,,,,,第１種中高層住居専用地域,60.0,200.0,2008年第2四半期,未改装,,7.146128035678238
32013511,中古マンション等,,32201,島根県,松江市,春日町,松江,30分?60分,３ＬＤＫ,70,,,,平成21年,ＲＣ,住宅,,,,,第２種中高層住居専用地域,60.0,200.0,2010年第2四半期,未改装,,7.278753600952829
32031449,中古マンション等,,32201,島根県,松江市,西川津町,松江,30分?60分,３ＬＤＫ,75,,,,平成13年,ＲＣ,住宅,,,,,第１種中高層住居専用地域,60.0,200.0,2007年第2四半期,改装済,,7.230448921378274
32000646,中古マンション等,,32201,島根県,松江市,北田町,松江,21,３ＬＤＫ,75,,,,平成8年,ＲＣ,住宅,住宅,,,,第１種住居地域,60.0,200.0,2019年第2四半期,未改装,,7.230448921378274
32014982,中古マンション等,,32203,島根県,出雲市,小山町,出雲市,29,４ＬＤＫ,80,,,,平成14年,ＳＲＣ,住宅,,,,,第１種住居地域,60.0,200.0,2010年第3四半期,未改装,,7.204119982655925
32029257,中古マンション等,,32203,島根県,出雲市,駅南町,出雲市,4,３ＬＤＫ,65,,,,平成14年,ＲＣ,住宅,,,,,商業地域,80.0,500.0,2009年第3四半期,未改装,,7.079181246047625
32001638,中古マンション等,,32201,島根県,松江市,西川津町,松江,28,３ＬＤＫ,60,,,,平成2年,ＲＣ,住宅,住宅,,,,第１種中高層住居専用地域,60.0,200.0,2018年第2四半期,未改装,,6.826074802700826
32001186,中古マンション等,,32201,島根県,松江市,大輪町,松江,25,４ＬＤＫ,90,,,,平成9年,ＲＣ,住宅,住宅,,,,第１種住居地域,60.0,200.0,2020年第1四半期,未改装,,7.278753600952829
32001632,中古マンション等,,32201,島根県,松江市,西川津町,松江,30分?60分,３ＬＤＫ,65,,,,平成13年,ＲＣ,住宅,住宅,,,,第１種中高層住居専用地域,60.0,200.0,2018年第4四半期,未改装,,7.176091259055681
32028551,中古マンション等,,32201,島根県,松江市,学園南,松江,19,３ＬＤＫ,80,,,,平成20年,ＲＣ,住宅,,,,,第２種住居地域,60.0,200.0,2009年第4四半期,未改装,,7.3979400086720375
32026007,中古マンション等,,32201,島根県,松江市,西津田,松江,14,３ＬＤＫ,75,,,,平成9年,ＲＣ,住宅,,,,,第２種住居地域,60.0,200.0,2013年第2四半期,未改装,,7.204119982655925
32016145,中古マンション等,,32201,島根県,松江市,東茶町,松江,20,２ＬＤＫ,80,,,,平成9年,ＲＣ,住宅,,,,,商業地域,80.0,500.0,2011年第1四半期,未改装,,7.278753600952829
32000463,中古マンション等,,32201,島根県,松江市,学園,松江,28,３ＬＤＫ,65,,,,平成7年,ＲＣ,住宅,住宅,,,,第２種中高層住居専用地域,60.0,200.0,2020年第4四半期,改装済,,7.278753600952829
32015133,中古マンション等,,32201,島根県,松江市,学園南,松江,20,４ＬＤＫ,75,,,,平成20年,ＲＣ,住宅,,,,,第２種住居地域,60.0,200.0,2011年第4四半期,未改装,,7.3222192947339195
32021803,中古マンション等,,32201,島根県,松江市,外中原町,松江,30分?60分,２ＬＤＫ,65,,,,平成14年,ＳＲＣ,住宅,,,,,第１種住居地域,60.0,200.0,2012年第4四半期,未改装,,7.146128035678238
32030901,中古マンション等,,32201,島根県,松江市,学園,松江,30分?60分,４ＬＤＫ,80,,,,平成16年,ＳＲＣ,住宅,,,,,第２種中高層住居専用地域,60.0,200.0,2007年第2四半期,未改装,調停・競売等,7.113943352306837
32014867,中古マンション等,,32203,島根県,出雲市,今市町北本町,,,３ＬＤＫ,70,,,,平成21年,ＲＣ,住宅,,,,,,,,2010年第2四半期,未改装,,7.278753600952829
32002010,中古マンション等,,32201,島根県,松江市,東朝日町,松江,5,２ＬＤＫ,60,,,,平成14年,ＳＲＣ,,住宅,,,,商業地域,80.0,400.0,2019年第2四半期,未改装,,7.176091259055681
32000735,中古マンション等,,32201,島根県,松江市,黒田町,松江,30分?60分,３ＬＤＫ,75,,,,平成18年,ＳＲＣ,,住宅,,,,第２種中高層住居専用地域,60.0,200.0,2018年第4四半期,未改装,,7.278753600952829
32013509,中古マンション等,,32201,島根県,松江市,春日町,松江,30分?60分,３ＬＤＫ,80,,,,平成21年,ＲＣ,住宅,,,,,第２種中高層住居専用地域,60.0,200.0,2010年第2四半期,未改装,,7.3222192947339195
